filename,bytes,sha256,duplicate_group
1111(1).txt,830536,ec5b097ebe5be822282ab5603df25147e07a6d3a1257d647fd07bfce46d922c8,1111(1).txt;1111.txt
1111.txt,830536,ec5b097ebe5be822282ab5603df25147e07a6d3a1257d647fd07bfce46d922c8,1111(1).txt;1111.txt
500c6854-23e0-4d55-92a0-60ff7563fdbb.png,132209,9b3d24554ac3f8d4c4da48d51c2b29c1b154f9390887666724e64bf8a1b90f74,
HP_ProBook_11_G2_conversation_export_2026-09-12.md,34190,d93e877d93464c552de4df725d3518b44b14841b8e0133020603e06435841781,
Untitled document.PDF,194947,34712815a8134d0076d4a4a2f7fab326589e798d95ab5dfe86e14bc8c3b9a1ff,
a(1).evtx,1118208,4623057e720ea69d6a6688f71f712909165c221796c93c7699dff75ddcf6de3e,a(1).evtx;a(2).evtx;a.evtx
a(2).evtx,1118208,4623057e720ea69d6a6688f71f712909165c221796c93c7699dff75ddcf6de3e,a(1).evtx;a(2).evtx;a.evtx
a.evtx,1118208,4623057e720ea69d6a6688f71f712909165c221796c93c7699dff75ddcf6de3e,a(1).evtx;a(2).evtx;a.evtx
b(1).evtx,6361088,a64d9ac5012c8208965d0ee2e1f5e3cb1ce925fa4fa095cf742cf122593440de,b(1).evtx;b.evtx
b.evtx,6361088,a64d9ac5012c8208965d0ee2e1f5e3cb1ce925fa4fa095cf742cf122593440de,b(1).evtx;b.evtx
battery-report.html,47521,8eb07f78a4adc5ede901e86167b218795c0ff5bdbc0ed0e6397dda8c1316806e,
c(1).evtx,21041152,b7a704e94c4ed6d45dbaf17c763b8a853d64d6db41ef087bcaaf3a34340238b4,c(1).evtx;c.evtx
c.evtx,21041152,b7a704e94c4ed6d45dbaf17c763b8a853d64d6db41ef087bcaaf3a34340238b4,c(1).evtx;c.evtx
d(1).evtx,1118208,3ee8e76c4b86a97d047cfea220efc9964fc24ceaa1cd5aab5089c22682f87ea0,d(1).evtx;d.evtx
d.evtx,1118208,3ee8e76c4b86a97d047cfea220efc9964fc24ceaa1cd5aab5089c22682f87ea0,d(1).evtx;d.evtx
e(1).evtx,6361088,d70cfaa447165541714a1526014a088a70ecf8707bd9f893f044b9ff7c671eaf,e(1).evtx;e.evtx
e.evtx,6361088,d70cfaa447165541714a1526014a088a70ecf8707bd9f893f044b9ff7c671eaf,e(1).evtx;e.evtx
f(1).evtx,2166784,2fce42ea8163b2df064ffd33cdcf09f2d501a60bb15309b39b69fa5a711d181e,f(1).evtx;f.evtx
f.evtx,2166784,2fce42ea8163b2df064ffd33cdcf09f2d501a60bb15309b39b69fa5a711d181e,f(1).evtx;f.evtx
g(1).evtx,1118208,cae0665131c33662090694d92d07189edbcc249badd87fd3c6e8206afee4818c,g(1).evtx;g.evtx
g.evtx,1118208,cae0665131c33662090694d92d07189edbcc249badd87fd3c6e8206afee4818c,g(1).evtx;g.evtx
h(1).evtx,1118208,54b6d5e0bec17a395942758a7661bf51563181878f483f62e3377f88a734b237,h(1).evtx;h.evtx
h.evtx,1118208,54b6d5e0bec17a395942758a7661bf51563181878f483f62e3377f88a734b237,h(1).evtx;h.evtx
i(1).evtx,2166784,39fbae1478e2a37c9a400b67b139dd8bcfe60849493ae6d065d2d2c611af026a,i(1).evtx;i.evtx
i.evtx,2166784,39fbae1478e2a37c9a400b67b139dd8bcfe60849493ae6d065d2d2c611af026a,i(1).evtx;i.evtx
image-1789111912752.jpg,340855,246d89da53a0f1d6bebafdbd4e0a7a4198e3883e18bf357dd6307cb031dd405e,
image-1789111999706.jpg,242618,3d587bca4bb11424e29c53e67524501eb587b94b5018705755a23d6f011ac148,
image-1789112425357.jpg,213833,4ddb79f5bc8c4df9c4eec2282ffec0c81a840357e39f6d8c241e7a5c91a21584,
image-1789112451620.jpg,194828,6203514022762cac943d9de1460026bb16caf0263168464e8f20feeb7bea26ca,
image-1789112457645.jpg,218515,a10e1394870d14e09858cca06b177ba0c038caf427868b478586f269f29bcf90,
image-1789112484250.jpg,250514,95f3fecd1055bea998e97e28cffffbd54da2be93f908373b5f6ddd79f236771f,
image-1789113588927.jpg,195592,157b9535e1def7c7fa719dd83a9a4efbddcad72505e3482a19768e02be9b2910,
image-1789186517756.jpg,217626,b928d8eebf2fe1bfb401298e970aeb0a2ac1d857605a7f3c98f1f7f1e4471758,
image-1789186673453.jpg,356737,baaf04650da650f953f2b1230cb892cb26d44364e7e425e6feda1f2df313fff7,
image-1789186685809.jpg,382118,b80818aa8da230bde8998849cef71db4a8f1ad8ee27900f6c90e53adf09d5e51,
image-1789186693723.jpg,333902,3ab24749f6951dbfd879a6f5797898f65e844afb4cec3638414e1bf4ec35091b,
image-1789186743358.jpg,378886,244f11dabd40710e7e71d9ef971cc50010d78394346b404e371054069079ad3a,
image-1789186759336.jpg,376745,3beedb5185a1d327dafa68e00218ab08848b7861f731195828b1eaa89e878eba,
image-1789186768333.jpg,299995,0a39cfd0e996718fc60d2c3b078926e76a26ea25a9885bd9fefce3bf225b6fe7,
image-1789186776085.jpg,321721,9e949d751791fe181785593a9dd9ed83d1f2d98aced38dbe4cb3812487ffa90d,
image-1789186787553.jpg,312944,f4e28e46cffb8f090fe07a073a43c47cd4204e44bc9a12cd2abf06ee2def85f7,
setupapi.dev.log,1474108,3b911a8d7a2b9801500e58379852b32a1f477527b23b20e2d6e85dfc806f31a7,
sleepstudy-report.html,831312,408e120a920a71a82506b9598e3e66e6fafc54c7c4e0660ed0eaa7f030a49948,
